Workbook

Sheet Inputs
A1: Parametro | B1: Valor | C1: Unidade | D1: Observacoes
A2: Regiao Azure | B2: West Europe | C2: texto | D2: Ajustar conforme a regiao do cliente.
A3: Moeda | B3: USD | C3: texto | D3: Os unitarios abaixo estao em dolar de referencia.
A4: AKS System Nodes | B4: 2 | C4: qtd | D4: Node pool base do cluster.
A5: AKS System Node Unitario | B5: 140 | C5: USD/mes | D5: Referencia editavel.
A6: AKS Worker Nodes | B6: 3 | C6: qtd | D6: Node pool para Grid Selenium.
A7: AKS Worker Node Unitario | B7: 420 | C7: USD/mes | D7: Referencia editavel.
A8: AKS Cluster Baseline | B8: 75 | C8: USD/mes | D8: Overhead e componentes base do cluster.
A9: Self-hosted Agents | B9: 2 | C9: qtd | D9: Agents dedicados na esteira.
A10: Agent Unitario | B10: 120 | C10: USD/mes | D10: VM ou capacidade equivalente.
A11: ACR | B11: 35 | C11: USD/mes | D11: Tier Standard de referencia.
A12: Key Vault | B12: 10 | C12: USD/mes | D12: Baixa variacao no MVP.
A13: Log Analytics GB por dia | B13: 5 | C13: GB/dia | D13: Ajustar apos conhecer verbosidade e retencao.
A14: Log Analytics Preco por GB | B14: 2.5 | C14: USD/GB | D14: Referencia editavel.
A15: Storage Evidencias | B15: 250 | C15: GB | D15: Artefatos, relatorios e evidencias.
... A23: Reserva de risco | B23: 10 | C23: % | D23: Margem para variacao inicial de consumo.

Sheet Componentes
A1: Componente | B1: Quantidade | C1: Unitario USD/mes | D1: Subtotal USD/mes | E1: Observacoes
A2: AKS System Nodes | B2: =Inputs!B4 -> 2 | C2: =Inputs!B5 -> 140 | D2: =B2*C2 -> 280 | E2: Cluster base/system pool
A3: AKS Worker Nodes | B3: =Inputs!B6 -> 3 | C3: =Inputs!B7 -> 420 | D3: =B3*C3 -> 1260 | E3: Execucao Selenium Grid
A4: AKS Cluster Baseline | B4: 1 | C4: =Inputs!B8 -> 75 | D4: =B4*C4 -> 75 | E4: Servicos base do cluster
A5: Self-hosted Agents | B5: =Inputs!B9 -> 2 | C5: =Inputs!B10 -> 120 | D5: =B5*C5 -> 240 | E5: Runner/pipeline dedicados
A6: Azure Container Registry | B6: 1 | C6: =Inputs!B11 -> 35 | D6: =B6*C6 -> 35 | E6: Imagens do Grid
A7: Azure Key Vault | B7: 1 | C7: =Inputs!B12 -> 10 | D7: =B7*C7 -> 10 | E7: Segredos e certificados
A8: Log Analytics | B8: =Inputs!B13*30 -> 150 | C8: =Inputs!B14 -> 2.5 | D8: =B8*C8 -> 375 | E8: GB por dia x 30 dias
A9: Storage de Evidencias | B9: =Inputs!B15 -> 250 | C9: =Inputs!B16 -> 0.03 | D9: =B9*C9 -> 7.5 | E9: Relatorios e artefatos
A10: Private Endpoints | B10: =Inputs!B17 -> 3 | C10: =Inputs!B18 -> 8 | D10: =B10*C10 -> 24 | E10: Acesso privado PaaS
A11: DNS Privado | B11: 1 | C11: =Inputs!B19 -> 10 | D11: =B11*C11 -> 10 | E11: Resolucao interna
A12: Load Balancer / ILB / IPs | B12: 1 | C12: =Inputs!B20 -> 25 | D12: =B12*C12 -> 25 | E12: Exposicao controlada
A13: Alert Rules / Action Groups | B13: 1 | C13: =Inputs!B21 -> 20 | D13: =B13*C13 -> 20 | E13: Alertas operacionais
A14: Application Gateway / WAF | B14: 1 | C14: =Inputs!B22 -> 0 | D14: =B14*C14 -> 0 | E14: Opcional
A15: TOTAL BASE | D15: =SUM(D2:D14) -> 2361.5 | E15: Soma mensal sem risco

Sheet Resumo
A1: Indicador | B1: Valor | C1: Observacoes
A2: Total mensal base (USD) | B2: =Componentes!D15 -> 2361.5 | C2: Soma dos componentes configurados.
A3: Reserva de risco (%) | B3: =Inputs!B23 -> 10 | C3: Margem inicial para variacao.
A4: Reserva de risco (USD) | B4: =B2*(B3/100) -> 236.15 | C4: Base x percentual de risco.
A5: Total mensal com risco (USD) | B5: =B2+B4 -> 2597.65 | C5: Estimativa recomendada para proposta inicial.
A6: Total anual com risco (USD) | B6: =B5*12 -> 31171.8 | C6: Projecao de 12 meses.
A7: Leitura comercial | B7: Ballpark Azure do ambiente Zurich | C7: Ajustar unitarios no portal/calculator da regiao final.

Sheet Observacoes
A1: Premissas e observacoes
A2: Esta planilha e um modelo editavel no estilo Azure Pricing Calculator para o ambiente Zurich.
A3: Os valores unitarios sao referencias iniciais e devem ser ajustados com a regiao, SKUs e politica comercial reais.
A4: Nao inclui custo de equipe humana, apenas consumo Azure estimado.
A5: Nao inclui sustentacao recorrente nem expansao para multiplos ambientes.
A6: Se houver App Gateway/WAF, NAT Gateway ou aumento forte de logs, o total mensal sobe de forma relevante.
A7: Os maiores drivers de custo sao: AKS, browser nodes, self-hosted agents e Log Analytics.
